[{"model": "admin.logentry", "pk": 1, "fields": {"action_time": "2025-07-15T08:39:08.733Z", "user": 1, "content_type": 9, "object_id": "1", "object_repr": "Ice Apple", "action_flag": 1, "change_message": "[{\"added\": {}}]"}}, {"model": "admin.logentry", "pk": 2, "fields": {"action_time": "2025-07-15T08:40:47.621Z", "user": 1, "content_type": 9, "object_id": "1", "object_repr": "Ice Apple", "action_flag": 3, "change_message": ""}}, {"model": "admin.logentry", "pk": 3, "fields": {"action_time": "2025-07-15T08:43:23.816Z", "user": 1, "content_type": 9, "object_id": "2", "object_repr": "Organic", "action_flag": 1, "change_message": "[{\"added\": {}}]"}}, {"model": "admin.logentry", "pk": 4, "fields": {"action_time": "2025-07-15T08:44:48.115Z", "user": 1, "content_type": 10, "object_id": "1", "object_repr": "Ice Apple - Amrutha Farms", "action_flag": 1, "change_message": "[{\"added\": {}}]"}}, {"model": "admin.logentry", "pk": 5, "fields": {"action_time": "2025-07-16T06:13:24.586Z", "user": 1, "content_type": 10, "object_id": "2", "object_repr": "Banana - Amrutha Farms", "action_flag": 1, "change_message": "[{\"added\": {}}]"}}, {"model": "admin.logentry", "pk": 6, "fields": {"action_time": "2025-07-16T06:17:26.915Z", "user": 1, "content_type": 10, "object_id": "3", "object_repr": "corn - Amrutha Farms", "action_flag": 1, "change_message": "[{\"added\": {}}]"}}, {"model": "admin.logentry", "pk": 7, "fields": {"action_time": "2025-07-16T06:22:38.703Z", "user": 1, "content_type": 10, "object_id": "4", "object_repr": "Celery - Amrutha Farms", "action_flag": 1, "change_message": "[{\"added\": {}}]"}}, {"model": "admin.logentry", "pk": 8, "fields": {"action_time": "2025-07-18T04:25:33.725Z", "user": 1, "content_type": 10, "object_id": "5", "object_repr": "Baby corn - Devi farms", "action_flag": 1, "change_message": "[{\"added\": {}}]"}}, {"model": "admin.logentry", "pk": 9, "fields": {"action_time": "2025-07-18T04:28:26.665Z", "user": 1, "content_type": 10, "object_id": "6", "object_repr": "Banana Flower - Devi farms", "action_flag": 1, "change_message": "[{\"added\": {}}]"}}, {"model": "admin.logentry", "pk": 10, "fields": {"action_time": "2025-07-18T04:31:02.409Z", "user": 1, "content_type": 10, "object_id": "7", "object_repr": "Carrots - Devi farms", "action_flag": 1, "change_message": "[{\"added\": {}}]"}}, {"model": "admin.logentry", "pk": 11, "fields": {"action_time": "2025-07-18T04:34:45.744Z", "user": 1, "content_type": 10, "object_id": "8", "object_repr": "Tomatoes - harvest heaven", "action_flag": 1, "change_message": "[{\"added\": {}}]"}}, {"model": "admin.logentry", "pk": 12, "fields": {"action_time": "2025-07-18T04:38:29.381Z", "user": 1, "content_type": 10, "object_id": "9", "object_repr": "Green Mango - Devi farms", "action_flag": 1, "change_message": "[{\"added\": {}}]"}}, {"model": "admin.logentry", "pk": 13, "fields": {"action_time": "2025-07-18T04:39:21.599Z", "user": 1, "content_type": 10, "object_id": "6", "object_repr": "Banana Flower - Devi farms", "action_flag": 2, "change_message": "[{\"changed\": {\"fields\": [\"Product type\"]}}]"}}, {"model": "admin.logentry", "pk": 14, "fields": {"action_time": "2025-07-18T04:40:50.258Z", "user": 1, "content_type": 10, "object_id": "1", "object_repr": "Ice Apple - Amrutha Farms", "action_flag": 2, "change_message": "[{\"changed\": {\"fields\": [\"Description\", \"Price per kg\"]}}]"}}, {"model": "admin.logentry", "pk": 15, "fields": {"action_time": "2025-07-18T04:42:07.116Z", "user": 1, "content_type": 10, "object_id": "2", "object_repr": "Banana - Amrutha Farms", "action_flag": 2, "change_message": "[{\"changed\": {\"fields\": [\"Description\", \"Price per kg\", \"Stock quantity\"]}}]"}}, {"model": "admin.logentry", "pk": 16, "fields": {"action_time": "2025-07-18T04:43:22.799Z", "user": 1, "content_type": 10, "object_id": "3", "object_repr": "corn - Amrutha Farms", "action_flag": 2, "change_message": "[{\"changed\": {\"fields\": [\"Description\", \"Price per kg\", \"Stock quantity\"]}}]"}}, {"model": "admin.logentry", "pk": 17, "fields": {"action_time": "2025-07-18T04:44:43.583Z", "user": 1, "content_type": 10, "object_id": "4", "object_repr": "Celery - Amrutha Farms", "action_flag": 2, "change_message": "[{\"changed\": {\"fields\": [\"Description\"]}}]"}}, {"model": "admin.logentry", "pk": 18, "fields": {"action_time": "2025-07-18T04:46:38.733Z", "user": 1, "content_type": 10, "object_id": "10", "object_repr": "Curry Leaf - harvest heaven", "action_flag": 1, "change_message": "[{\"added\": {}}]"}}, {"model": "admin.logentry", "pk": 19, "fields": {"action_time": "2025-07-18T04:48:43.047Z", "user": 1, "content_type": 10, "object_id": "11", "object_repr": "Mint Leaves - Devi farms", "action_flag": 1, "change_message": "[{\"added\": {}}]"}}, {"model": "admin.logentry", "pk": 20, "fields": {"action_time": "2025-07-18T04:51:15.618Z", "user": 1, "content_type": 10, "object_id": "12", "object_repr": "Spinach - harvest heaven", "action_flag": 1, "change_message": "[{\"added\": {}}]"}}, {"model": "admin.logentry", "pk": 21, "fields": {"action_time": "2025-07-18T04:53:38.253Z", "user": 1, "content_type": 10, "object_id": "13", "object_repr": "Watermelon - Fine Farms", "action_flag": 1, "change_message": "[{\"added\": {}}]"}}, {"model": "admin.logentry", "pk": 22, "fields": {"action_time": "2025-07-18T04:58:15.988Z", "user": 1, "content_type": 10, "object_id": "14", "object_repr": "Oranges - Devi farms", "action_flag": 1, "change_message": "[{\"added\": {}}]"}}, {"model": "admin.logentry", "pk": 23, "fields": {"action_time": "2025-07-18T05:29:29.875Z", "user": 1, "content_type": 10, "object_id": "8", "object_repr": "Tomatoes - harvest heaven", "action_flag": 2, "change_message": "[{\"changed\": {\"fields\": [\"Image\"]}}]"}}, {"model": "auth.permission", "pk": 1, "fields": {"name": "Can add log entry", "content_type": 1, "codename": "add_logentry"}}, {"model": "auth.permission", "pk": 2, "fields": {"name": "Can change log entry", "content_type": 1, "codename": "change_logentry"}}, {"model": "auth.permission", "pk": 3, "fields": {"name": "Can delete log entry", "content_type": 1, "codename": "delete_logentry"}}, {"model": "auth.permission", "pk": 4, "fields": {"name": "Can view log entry", "content_type": 1, "codename": "view_logentry"}}, {"model": "auth.permission", "pk": 5, "fields": {"name": "Can add permission", "content_type": 2, "codename": "add_permission"}}, {"model": "auth.permission", "pk": 6, "fields": {"name": "Can change permission", "content_type": 2, "codename": "change_permission"}}, {"model": "auth.permission", "pk": 7, "fields": {"name": "Can delete permission", "content_type": 2, "codename": "delete_permission"}}, {"model": "auth.permission", "pk": 8, "fields": {"name": "Can view permission", "content_type": 2, "codename": "view_permission"}}, {"model": "auth.permission", "pk": 9, "fields": {"name": "Can add group", "content_type": 3, "codename": "add_group"}}, {"model": "auth.permission", "pk": 10, "fields": {"name": "Can change group", "content_type": 3, "codename": "change_group"}}, {"model": "auth.permission", "pk": 11, "fields": {"name": "Can delete group", "content_type": 3, "codename": "delete_group"}}, {"model": "auth.permission", "pk": 12, "fields": {"name": "Can view group", "content_type": 3, "codename": "view_group"}}, {"model": "auth.permission", "pk": 13, "fields": {"name": "Can add content type", "content_type": 4, "codename": "add_contenttype"}}, {"model": "auth.permission", "pk": 14, "fields": {"name": "Can change content type", "content_type": 4, "codename": "change_contenttype"}}, {"model": "auth.permission", "pk": 15, "fields": {"name": "Can delete content type", "content_type": 4, "codename": "delete_contenttype"}}, {"model": "auth.permission", "pk": 16, "fields": {"name": "Can view content type", "content_type": 4, "codename": "view_contenttype"}}, {"model": "auth.permission", "pk": 17, "fields": {"name": "Can add session", "content_type": 5, "codename": "add_session"}}, {"model": "auth.permission", "pk": 18, "fields": {"name": "Can change session", "content_type": 5, "codename": "change_session"}}, {"model": "auth.permission", "pk": 19, "fields": {"name": "Can delete session", "content_type": 5, "codename": "delete_session"}}, {"model": "auth.permission", "pk": 20, "fields": {"name": "Can view session", "content_type": 5, "codename": "view_session"}}, {"model": "auth.permission", "pk": 21, "fields": {"name": "Can add User", "content_type": 6, "codename": "add_user"}}, {"model": "auth.permission", "pk": 22, "fields": {"name": "Can change User", "content_type": 6, "codename": "change_user"}}, {"model": "auth.permission", "pk": 23, "fields": {"name": "Can delete User", "content_type": 6, "codename": "delete_user"}}, {"model": "auth.permission", "pk": 24, "fields": {"name": "Can view User", "content_type": 6, "codename": "view_user"}}, {"model": "auth.permission", "pk": 25, "fields": {"name": "Can add customer profile", "content_type": 7, "codename": "add_customerprofile"}}, {"model": "auth.permission", "pk": 26, "fields": {"name": "Can change customer profile", "content_type": 7, "codename": "change_customerprofile"}}, {"model": "auth.permission", "pk": 27, "fields": {"name": "Can delete customer profile", "content_type": 7, "codename": "delete_customerprofile"}}, {"model": "auth.permission", "pk": 28, "fields": {"name": "Can view customer profile", "content_type": 7, "codename": "view_customerprofile"}}, {"model": "auth.permission", "pk": 29, "fields": {"name": "Can add farmer profile", "content_type": 8, "codename": "add_farmerprofile"}}, {"model": "auth.permission", "pk": 30, "fields": {"name": "Can change farmer profile", "content_type": 8, "codename": "change_farmerprofile"}}, {"model": "auth.permission", "pk": 31, "fields": {"name": "Can delete farmer profile", "content_type": 8, "codename": "delete_farmerprofile"}}, {"model": "auth.permission", "pk": 32, "fields": {"name": "Can view farmer profile", "content_type": 8, "codename": "view_farmerprofile"}}, {"model": "auth.permission", "pk": 33, "fields": {"name": "Can add category", "content_type": 9, "codename": "add_category"}}, {"model": "auth.permission", "pk": 34, "fields": {"name": "Can change category", "content_type": 9, "codename": "change_category"}}, {"model": "auth.permission", "pk": 35, "fields": {"name": "Can delete category", "content_type": 9, "codename": "delete_category"}}, {"model": "auth.permission", "pk": 36, "fields": {"name": "Can view category", "content_type": 9, "codename": "view_category"}}, {"model": "auth.permission", "pk": 37, "fields": {"name": "Can add product", "content_type": 10, "codename": "add_product"}}, {"model": "auth.permission", "pk": 38, "fields": {"name": "Can change product", "content_type": 10, "codename": "change_product"}}, {"model": "auth.permission", "pk": 39, "fields": {"name": "Can delete product", "content_type": 10, "codename": "delete_product"}}, {"model": "auth.permission", "pk": 40, "fields": {"name": "Can view product", "content_type": 10, "codename": "view_product"}}, {"model": "auth.permission", "pk": 41, "fields": {"name": "Can add product image", "content_type": 11, "codename": "add_productimage"}}, {"model": "auth.permission", "pk": 42, "fields": {"name": "Can change product image", "content_type": 11, "codename": "change_productimage"}}, {"model": "auth.permission", "pk": 43, "fields": {"name": "Can delete product image", "content_type": 11, "codename": "delete_productimage"}}, {"model": "auth.permission", "pk": 44, "fields": {"name": "Can view product image", "content_type": 11, "codename": "view_productimage"}}, {"model": "auth.permission", "pk": 45, "fields": {"name": "Can add market price", "content_type": 12, "codename": "add_marketprice"}}, {"model": "auth.permission", "pk": 46, "fields": {"name": "Can change market price", "content_type": 12, "codename": "change_marketprice"}}, {"model": "auth.permission", "pk": 47, "fields": {"name": "Can delete market price", "content_type": 12, "codename": "delete_marketprice"}}, {"model": "auth.permission", "pk": 48, "fields": {"name": "Can view market price", "content_type": 12, "codename": "view_marketprice"}}, {"model": "auth.permission", "pk": 49, "fields": {"name": "Can add cart", "content_type": 13, "codename": "add_cart"}}, {"model": "auth.permission", "pk": 50, "fields": {"name": "Can change cart", "content_type": 13, "codename": "change_cart"}}, {"model": "auth.permission", "pk": 51, "fields": {"name": "Can delete cart", "content_type": 13, "codename": "delete_cart"}}, {"model": "auth.permission", "pk": 52, "fields": {"name": "Can view cart", "content_type": 13, "codename": "view_cart"}}, {"model": "auth.permission", "pk": 53, "fields": {"name": "Can add order", "content_type": 14, "codename": "add_order"}}, {"model": "auth.permission", "pk": 54, "fields": {"name": "Can change order", "content_type": 14, "codename": "change_order"}}, {"model": "auth.permission", "pk": 55, "fields": {"name": "Can delete order", "content_type": 14, "codename": "delete_order"}}, {"model": "auth.permission", "pk": 56, "fields": {"name": "Can view order", "content_type": 14, "codename": "view_order"}}, {"model": "auth.permission", "pk": 57, "fields": {"name": "Can add delivery", "content_type": 15, "codename": "add_delivery"}}, {"model": "auth.permission", "pk": 58, "fields": {"name": "Can change delivery", "content_type": 15, "codename": "change_delivery"}}, {"model": "auth.permission", "pk": 59, "fields": {"name": "Can delete delivery", "content_type": 15, "codename": "delete_delivery"}}, {"model": "auth.permission", "pk": 60, "fields": {"name": "Can view delivery", "content_type": 15, "codename": "view_delivery"}}, {"model": "auth.permission", "pk": 61, "fields": {"name": "Can add order item", "content_type": 16, "codename": "add_orderitem"}}, {"model": "auth.permission", "pk": 62, "fields": {"name": "Can change order item", "content_type": 16, "codename": "change_orderitem"}}, {"model": "auth.permission", "pk": 63, "fields": {"name": "Can delete order item", "content_type": 16, "codename": "delete_orderitem"}}, {"model": "auth.permission", "pk": 64, "fields": {"name": "Can view order item", "content_type": 16, "codename": "view_orderitem"}}, {"model": "auth.permission", "pk": 65, "fields": {"name": "Can add cart item", "content_type": 17, "codename": "add_cartitem"}}, {"model": "auth.permission", "pk": 66, "fields": {"name": "Can change cart item", "content_type": 17, "codename": "change_cartitem"}}, {"model": "auth.permission", "pk": 67, "fields": {"name": "Can delete cart item", "content_type": 17, "codename": "delete_cartitem"}}, {"model": "auth.permission", "pk": 68, "fields": {"name": "Can view cart item", "content_type": 17, "codename": "view_cartitem"}}, {"model": "auth.permission", "pk": 69, "fields": {"name": "Can add farmer analytics", "content_type": 18, "codename": "add_farmeranalytics"}}, {"model": "auth.permission", "pk": 70, "fields": {"name": "Can change farmer analytics", "content_type": 18, "codename": "change_farmeranalytics"}}, {"model": "auth.permission", "pk": 71, "fields": {"name": "Can delete farmer analytics", "content_type": 18, "codename": "delete_farmeranalytics"}}, {"model": "auth.permission", "pk": 72, "fields": {"name": "Can view farmer analytics", "content_type": 18, "codename": "view_farmeranalytics"}}, {"model": "auth.permission", "pk": 73, "fields": {"name": "Can add farmer document", "content_type": 19, "codename": "add_farmerdocument"}}, {"model": "auth.permission", "pk": 74, "fields": {"name": "Can change farmer document", "content_type": 19, "codename": "change_farmerdocument"}}, {"model": "auth.permission", "pk": 75, "fields": {"name": "Can delete farmer document", "content_type": 19, "codename": "delete_farmerdocument"}}, {"model": "auth.permission", "pk": 76, "fields": {"name": "Can view farmer document", "content_type": 19, "codename": "view_farmerdocument"}}, {"model": "auth.permission", "pk": 77, "fields": {"name": "Can add sales report", "content_type": 20, "codename": "add_salesreport"}}, {"model": "auth.permission", "pk": 78, "fields": {"name": "Can change sales report", "content_type": 20, "codename": "change_salesreport"}}, {"model": "auth.permission", "pk": 79, "fields": {"name": "Can delete sales report", "content_type": 20, "codename": "delete_salesreport"}}, {"model": "auth.permission", "pk": 80, "fields": {"name": "Can view sales report", "content_type": 20, "codename": "view_salesreport"}}, {"model": "auth.permission", "pk": 81, "fields": {"name": "Can add email notification", "content_type": 21, "codename": "add_emailnotification"}}, {"model": "auth.permission", "pk": 82, "fields": {"name": "Can change email notification", "content_type": 21, "codename": "change_emailnotification"}}, {"model": "auth.permission", "pk": 83, "fields": {"name": "Can delete email notification", "content_type": 21, "codename": "delete_emailnotification"}}, {"model": "auth.permission", "pk": 84, "fields": {"name": "Can view email notification", "content_type": 21, "codename": "view_emailnotification"}}, {"model": "auth.permission", "pk": 85, "fields": {"name": "Can add notification", "content_type": 22, "codename": "add_notification"}}, {"model": "auth.permission", "pk": 86, "fields": {"name": "Can change notification", "content_type": 22, "codename": "change_notification"}}, {"model": "auth.permission", "pk": 87, "fields": {"name": "Can delete notification", "content_type": 22, "codename": "delete_notification"}}, {"model": "auth.permission", "pk": 88, "fields": {"name": "Can view notification", "content_type": 22, "codename": "view_notification"}}, {"model": "auth.permission", "pk": 89, "fields": {"name": "Can add sms notification", "content_type": 23, "codename": "add_smsnotification"}}, {"model": "auth.permission", "pk": 90, "fields": {"name": "Can change sms notification", "content_type": 23, "codename": "change_smsnotification"}}, {"model": "auth.permission", "pk": 91, "fields": {"name": "Can delete sms notification", "content_type": 23, "codename": "delete_smsnotification"}}, {"model": "auth.permission", "pk": 92, "fields": {"name": "Can view sms notification", "content_type": 23, "codename": "view_smsnotification"}}, {"model": "auth.permission", "pk": 93, "fields": {"name": "Can add review", "content_type": 24, "codename": "add_review"}}, {"model": "auth.permission", "pk": 94, "fields": {"name": "Can change review", "content_type": 24, "codename": "change_review"}}, {"model": "auth.permission", "pk": 95, "fields": {"name": "Can delete review", "content_type": 24, "codename": "delete_review"}}, {"model": "auth.permission", "pk": 96, "fields": {"name": "Can view review", "content_type": 24, "codename": "view_review"}}, {"model": "auth.permission", "pk": 97, "fields": {"name": "Can add review image", "content_type": 25, "codename": "add_reviewimage"}}, {"model": "auth.permission", "pk": 98, "fields": {"name": "Can change review image", "content_type": 25, "codename": "change_reviewimage"}}, {"model": "auth.permission", "pk": 99, "fields": {"name": "Can delete review image", "content_type": 25, "codename": "delete_reviewimage"}}, {"model": "auth.permission", "pk": 100, "fields": {"name": "Can view review image", "content_type": 25, "codename": "view_reviewimage"}}, {"model": "auth.permission", "pk": 101, "fields": {"name": "Can add review helpful", "content_type": 26, "codename": "add_reviewhelpful"}}, {"model": "auth.permission", "pk": 102, "fields": {"name": "Can change review helpful", "content_type": 26, "codename": "change_reviewhelpful"}}, {"model": "auth.permission", "pk": 103, "fields": {"name": "Can delete review helpful", "content_type": 26, "codename": "delete_reviewhelpful"}}, {"model": "auth.permission", "pk": 104, "fields": {"name": "Can view review helpful", "content_type": 26, "codename": "view_reviewhelpful"}}, {"model": "auth.permission", "pk": 105, "fields": {"name": "Can add order status history", "content_type": 27, "codename": "add_orderstatushistory"}}, {"model": "auth.permission", "pk": 106, "fields": {"name": "Can change order status history", "content_type": 27, "codename": "change_orderstatushistory"}}, {"model": "auth.permission", "pk": 107, "fields": {"name": "Can delete order status history", "content_type": 27, "codename": "delete_orderstatushistory"}}, {"model": "auth.permission", "pk": 108, "fields": {"name": "Can view order status history", "content_type": 27, "codename": "view_orderstatushistory"}}, {"model": "auth.permission", "pk": 109, "fields": {"name": "Can add order tracking", "content_type": 28, "codename": "add_ordertracking"}}, {"model": "auth.permission", "pk": 110, "fields": {"name": "Can change order tracking", "content_type": 28, "codename": "change_ordertracking"}}, {"model": "auth.permission", "pk": 111, "fields": {"name": "Can delete order tracking", "content_type": 28, "codename": "delete_ordertracking"}}, {"model": "auth.permission", "pk": 112, "fields": {"name": "Can view order tracking", "content_type": 28, "codename": "view_ordertracking"}}, {"model": "contenttypes.contenttype", "pk": 1, "fields": {"app_label": "admin", "model": "logentry"}}, {"model": "contenttypes.contenttype", "pk": 2, "fields": {"app_label": "auth", "model": "permission"}}, {"model": "contenttypes.contenttype", "pk": 3, "fields": {"app_label": "auth", "model": "group"}}, {"model": "contenttypes.contenttype", "pk": 4, "fields": {"app_label": "contenttypes", "model": "contenttype"}}, {"model": "contenttypes.contenttype", "pk": 5, "fields": {"app_label": "sessions", "model": "session"}}, {"model": "contenttypes.contenttype", "pk": 6, "fields": {"app_label": "accounts", "model": "user"}}, {"model": "contenttypes.contenttype", "pk": 7, "fields": {"app_label": "accounts", "model": "customerprofile"}}, {"model": "contenttypes.contenttype", "pk": 8, "fields": {"app_label": "accounts", "model": "farmerprofile"}}, {"model": "contenttypes.contenttype", "pk": 9, "fields": {"app_label": "products", "model": "category"}}, {"model": "contenttypes.contenttype", "pk": 10, "fields": {"app_label": "products", "model": "product"}}, {"model": "contenttypes.contenttype", "pk": 11, "fields": {"app_label": "products", "model": "productimage"}}, {"model": "contenttypes.contenttype", "pk": 12, "fields": {"app_label": "products", "model": "marketprice"}}, {"model": "contenttypes.contenttype", "pk": 13, "fields": {"app_label": "orders", "model": "cart"}}, {"model": "contenttypes.contenttype", "pk": 14, "fields": {"app_label": "orders", "model": "order"}}, {"model": "contenttypes.contenttype", "pk": 15, "fields": {"app_label": "orders", "model": "delivery"}}, {"model": "contenttypes.contenttype", "pk": 16, "fields": {"app_label": "orders", "model": "orderitem"}}, {"model": "contenttypes.contenttype", "pk": 17, "fields": {"app_label": "orders", "model": "cartitem"}}, {"model": "contenttypes.contenttype", "pk": 18, "fields": {"app_label": "farmers", "model": "farmeranalytics"}}, {"model": "contenttypes.contenttype", "pk": 19, "fields": {"app_label": "farmers", "model": "farmerdocument"}}, {"model": "contenttypes.contenttype", "pk": 20, "fields": {"app_label": "farmers", "model": "salesreport"}}, {"model": "contenttypes.contenttype", "pk": 21, "fields": {"app_label": "notifications", "model": "emailnotification"}}, {"model": "contenttypes.contenttype", "pk": 22, "fields": {"app_label": "notifications", "model": "notification"}}, {"model": "contenttypes.contenttype", "pk": 23, "fields": {"app_label": "notifications", "model": "smsnotification"}}, {"model": "contenttypes.contenttype", "pk": 24, "fields": {"app_label": "reviews", "model": "review"}}, {"model": "contenttypes.contenttype", "pk": 25, "fields": {"app_label": "reviews", "model": "reviewimage"}}, {"model": "contenttypes.contenttype", "pk": 26, "fields": {"app_label": "reviews", "model": "reviewhelpful"}}, {"model": "contenttypes.contenttype", "pk": 27, "fields": {"app_label": "orders", "model": "orderstatushistory"}}, {"model": "contenttypes.contenttype", "pk": 28, "fields": {"app_label": "orders", "model": "ordertracking"}}, {"model": "sessions.session", "pk": "4fmyphz2gb9rjz4ij4b3egvaghk7iyoo", "fields": {"session_data": ".eJxVjEEOwiAQRe_C2hCgDBSX7j0DGYZBqoYmpV0Z765NutDtf-_9l4i4rTVunZc4ZXEWRpx-t4T04LaDfMd2myXNbV2mJHdFHrTL65z5eTncv4OKvX5rTh4hMPpkyUJS7IzJWhFqLJBH63ywg7eKQhjIs4LkTAHAogpoMqN4fwDvrDfP:1ucHYa:oBsqPPOXS1bN-e04AeCm66uYuzkVr__AbLFwxYD_j5Y", "expire_date": "2025-07-31T05:53:24.057Z"}}, {"model": "sessions.session", "pk": "b9ahyaztzc4y9eac6kii36aubho048kf", "fields": {"session_data": ".eJxVjEEOwiAQRe_C2hCgDBSX7j0DGYZBqoYmpV0Z765NutDtf-_9l4i4rTVunZc4ZXEWRpx-t4T04LaDfMd2myXNbV2mJHdFHrTL65z5eTncv4OKvX5rTh4hMPpkyUJS7IzJWhFqLJBH63ywg7eKQhjIs4LkTAHAogpoMqN4fwDvrDfP:1uccSJ:dMTDwz7xsIo1jXXXdkCMl6lvQR5Jqwv4pQP_bUwWzWo", "expire_date": "2025-08-01T04:12:19.854Z"}}, {"model": "sessions.session", "pk": "etgueieimj2jiu6n7jaavosgnd3u7e9g", "fields": {"session_data": ".eJxVjEEOwiAQRe_C2hCgDBSX7j0DGYZBqoYmpV0Z765NutDtf-_9l4i4rTVunZc4ZXEWRpx-t4T04LaDfMd2myXNbV2mJHdFHrTL65z5eTncv4OKvX5rTh4hMPpkyUJS7IzJWhFqLJBH63ywg7eKQhjIs4LkTAHAogpoMqN4fwDvrDfP:1uccSJ:dMTDwz7xsIo1jXXXdkCMl6lvQR5Jqwv4pQP_bUwWzWo", "expire_date": "2025-08-01T04:12:19.911Z"}}, {"model": "sessions.session", "pk": "evgbmi5fafn1jhmp4zy1ijsot1jqn4y3", "fields": {"session_data": ".eJxVjEEOwiAQAP_C2RDIsgU8evcNZIGtVA0kpT0Z_64kPeh1ZjIvEWjfStg7r2HJ4iy0OP2ySOnBdYh8p3prMrW6rUuUI5GH7fLaMj8vR_s3KNTL2CpnLWXU2qN1oIxnAGdwYiCMrJBnM2dlbWQiAJ-nryKTbHIYI4J4fwC7ZDd9:1ubyEE:991WdU_CkpLaVnbZV9iyYIhGudKUCBUS4k09n8kxSLo", "expire_date": "2025-07-30T09:15:06.845Z"}}, {"model": "sessions.session", "pk": "fmkcuvh2okxt2bgiphm14ojo09vjrm7w", "fields": {"session_data": ".eJxVjEEOwiAQRe_C2hCgDBSX7j0DGYZBqoYmpV0Z765NutDtf-_9l4i4rTVunZc4ZXEWRpx-t4T04LaDfMd2myXNbV2mJHdFHrTL65z5eTncv4OKvX5rTh4hMPpkyUJS7IzJWhFqLJBH63ywg7eKQhjIs4LkTAHAogpoMqN4fwDvrDfP:1ue8Pq:vsHnbBG_9-kFlRiazoujdvRd0LhJTBCnMNI4KFr6oOQ", "expire_date": "2025-08-05T08:32:02.476Z"}}, {"model": "sessions.session", "pk": "h7ohfrv3x6yrang1zrd8td0h5otc1df7", "fields": {"session_data": ".eJxVjEEOwiAQRe_C2hCgDBSX7j0DGYZBqoYmpV0Z765NutDtf-_9l4i4rTVunZc4ZXEWRpx-t4T04LaDfMd2myXNbV2mJHdFHrTL65z5eTncv4OKvX5rTh4hMPpkyUJS7IzJWhFqLJBH63ywg7eKQhjIs4LkTAHAogpoMqN4fwDvrDfP:1uccSF:fHn6N3aD9gmuyHePV0aOb9No61Nux5X1LEarntFBTfM", "expire_date": "2025-08-01T04:12:15.644Z"}}, {"model": "sessions.session", "pk": "qzy5ey3ms3mza9a2l94xrrimewv4d8iz", "fields": {"session_data": ".eJxVjEEOwiAQRe_C2hCgDBSX7j0DGYZBqoYmpV0Z765NutDtf-_9l4i4rTVunZc4ZXEWRpx-t4T04LaDfMd2myXNbV2mJHdFHrTL65z5eTncv4OKvX5rTh4hMPpkyUJS7IzJWhFqLJBH63ywg7eKQhjIs4LkTAHAogpoMqN4fwDvrDfP:1uccSH:1ifN9-sIfCxNHjHv_9qGQ6bVm7x4j5DbuihzdpIqGxY", "expire_date": "2025-08-01T04:12:17.760Z"}}, {"model": "sessions.session", "pk": "wzpkkgg5gjktm4tl4jp38xrwkchzdo3h", "fields": {"session_data": ".eJxVjEEOwiAQRe_C2hCgDBSX7j0DGYZBqoYmpV0Z765NutDtf-_9l4i4rTVunZc4ZXEWRpx-t4T04LaDfMd2myXNbV2mJHdFHrTL65z5eTncv4OKvX5rTh4hMPpkyUJS7IzJWhFqLJBH63ywg7eKQhjIs4LkTAHAogpoMqN4fwDvrDfP:1ucHYX:_LOwDhiTXHaie2O_3jy_7SUBf234Ch-BYlmRT1oD9Nw", "expire_date": "2025-07-31T05:53:21.728Z"}}, {"model": "accounts.user", "pk": 1, "fields": {"password": "pbkdf2_sha256$1000000$PnMB989aPZaeS8Q8hT38ed$EGdaCoeii6u5wluMkM/0J+LaeoRNwlJx4Ftkt6Nmab4=", "last_login": "2025-07-22T08:30:38.732Z", "is_superuser": true, "username": "kammasaipujitha", "first_name": "", "last_name": "", "email": "kammasaipujitha@gmail.com", "is_staff": true, "is_active": true, "date_joined": "2025-07-15T05:26:30.822Z", "user_type": "customer", "phone_number": null, "address": null, "profile_picture": "", "is_verified": false, "created_at": "2025-07-15T05:26:31.144Z", "updated_at": "2025-07-15T05:26:31.144Z", "groups": [], "user_permissions": []}}, {"model": "accounts.user", "pk": 2, "fields": {"password": "pbkdf2_sha256$1000000$nJBgMZfrtIuJAokvDKPJpZ$vEhsTllh10gU6X8W6jw5lA6stvwaIBdbu5Q4tVIxwCA=", "last_login": "2025-07-22T08:32:02.475Z", "is_superuser": false, "username": "lavs", "first_name": "Lavanya", "last_name": "Munukutla", "email": "lavanyamunukulta@gmail.com", "is_staff": false, "is_active": true, "date_joined": "2025-07-15T05:31:21.641Z", "user_type": "customer", "phone_number": "9989722377", "address": "Lovely Professional University Grand Trunk Road", "profile_picture": "", "is_verified": false, "created_at": "2025-07-15T05:31:22.007Z", "updated_at": "2025-07-15T05:31:22.007Z", "groups": [], "user_permissions": []}}, {"model": "accounts.user", "pk": 3, "fields": {"password": "pbkdf2_sha256$1000000$wBMFYd1XBCYCVeMEb80y4K$ZyW44OXvrSIkXlLgAx6xLzYmHgv2EwLTSQ2W8avlQvg=", "last_login": null, "is_superuser": false, "username": "Kishore", "first_name": "Kishore reddy", "last_name": "Ramireddy", "email": "kishoreramireddy@gmail.com", "is_staff": false, "is_active": true, "date_joined": "2025-07-15T05:35:24.447Z", "user_type": "farmer", "phone_number": "7013142990", "address": "Lovely Professional University Grand Trunk Road\r\nBH6", "profile_picture": "", "is_verified": false, "created_at": "2025-07-15T05:35:24.814Z", "updated_at": "2025-07-15T05:35:24.814Z", "groups": [], "user_permissions": []}}, {"model": "accounts.user", "pk": 4, "fields": {"password": "pbkdf2_sha256$1000000$3aYAFVwZ0Nxhdc9qv9bhNO$wpVXfjK3VGR+IDydy3p2h5QdAenGXJItq6RDzDN/F3s=", "last_login": null, "is_superuser": false, "username": "kamma@01", "first_name": "Kamma", "last_name": "Narasimharao", "email": "kammanarasimharao@gmail.com", "is_staff": false, "is_active": true, "date_joined": "2025-07-17T06:02:47.451Z", "user_type": "farmer", "phone_number": "9395588750", "address": "Pedanandipadhu,Guntur", "profile_picture": "", "is_verified": false, "created_at": "2025-07-17T06:02:47.975Z", "updated_at": "2025-07-17T06:02:47.975Z", "groups": [], "user_permissions": []}}, {"model": "accounts.user", "pk": 5, "fields": {"password": "pbkdf2_sha256$1000000$kPQJw2rdnwBcMoyZ1V4rQb$+wrFcNe8sVI6u9xNy2AH5AxpMZ7iWazDSh97T/SclJM=", "last_login": null, "is_superuser": false, "username": "Munukulta18", "first_name": "Munukutla", "last_name": "Lavanya", "email": "lavanyamunukulta4@gmail.com", "is_staff": false, "is_active": true, "date_joined": "2025-07-17T06:10:01.569Z", "user_type": "farmer", "phone_number": "9989722377", "address": "Jaijavan colony, near saketh towers, hyderabad", "profile_picture": "", "is_verified": false, "created_at": "2025-07-17T06:10:02.132Z", "updated_at": "2025-07-17T06:10:02.132Z", "groups": [], "user_permissions": []}}, {"model": "accounts.user", "pk": 6, "fields": {"password": "pbkdf2_sha256$1000000$aw1Dm8R9XGSsdDLCs4bHvX$NUCzT3WtEV2zWnFtNVm/7DKucEdgr/jMc29b16tT7ys=", "last_login": null, "is_superuser": false, "username": "Maruthi@07", "first_name": "Munukutla", "last_name": "Maruthi", "email": "Maruthi@gmail.com", "is_staff": false, "is_active": true, "date_joined": "2025-07-17T06:15:41.187Z", "user_type": "farmer", "phone_number": "9440111187", "address": "Marketyard, weavars colony, Rajamandry", "profile_picture": "", "is_verified": false, "created_at": "2025-07-17T06:15:41.553Z", "updated_at": "2025-07-17T06:15:41.553Z", "groups": [], "user_permissions": []}}, {"model": "accounts.customerprofile", "pk": 1, "fields": {"user": 2, "preferred_delivery_address": "Gh 4", "delivery_instructions": ""}}, {"model": "accounts.farmerprofile", "pk": 1, "fields": {"user": 3, "farm_name": "Amrutha Farms", "farm_address": "Kadapa,Keerthipalli", "farm_description": "We deliver fresh fruits and vegetables directly from the forms", "farm_certification": null, "years_of_experience": 0, "is_approved": true, "approved_by": 1, "approved_at": "2025-07-17T06:26:57.095Z"}}, {"model": "accounts.farmerprofile", "pk": 2, "fields": {"user": 4, "farm_name": "Devi farms", "farm_address": "pedanandipadu, guntur district, Andhra Pradesh", "farm_description": "Fresh fruits and vegetables", "farm_certification": null, "years_of_experience": 0, "is_approved": true, "approved_by": 1, "approved_at": "2025-07-17T06:26:57.095Z"}}, {"model": "accounts.farmerprofile", "pk": 3, "fields": {"user": 5, "farm_name": "harvest heaven", "farm_address": "Jaijavan colony, near saketh towers, hyderabad", "farm_description": "Wide area farms that provide varities of organic fruits and vegetables using organic composts and animal wastage products", "farm_certification": null, "years_of_experience": 0, "is_approved": true, "approved_by": 1, "approved_at": "2025-07-17T06:26:57.095Z"}}, {"model": "accounts.farmerprofile", "pk": 4, "fields": {"user": 6, "farm_name": "Fine Farms", "farm_address": "Marketyard, weavars colony, Rajamandry", "farm_description": "Farm land is usually flat or gently sloping, with fertile soil that is good for growing crops.\r\n\r\nThe soil type can vary — it may be alluvial (rich and loose, like in river plains), black soil (good for cotton), red soil, or loamy soil (ideal for most crops).\r\n\r\nGood farm land has access to water through rivers, canals, or tube wells.", "farm_certification": null, "years_of_experience": 0, "is_approved": true, "approved_by": 1, "approved_at": "2025-07-17T06:26:57.095Z"}}, {"model": "products.category", "pk": 2, "fields": {"name": "Organic", "description": "", "image": "", "created_at": "2025-07-15T08:43:23.816Z"}}, {"model": "products.product", "pk": 1, "fields": {"name": "Ice Apple", "description": "Fresh Ice Apple (Nungu/Tadgola) – 4 Pieces\r\n🥥 Naturally Cooling | Hydrating | Seasonal Delight\r\n\r\nBeat the heat with fresh Ice Apple, a tropical summer fruit known for its cooling, jelly-like texture and subtle sweetness. Harvested fresh from palm trees, ice apples are a natural source of hydration, ideal for hot climates and healthy diets.\r\n\r\nWhy You’ll Love It:\r\n\r\nSoft, juicy, and naturally sweet\r\n\r\nExcellent natural body coolant\r\n\r\nRich in electrolytes, vitamins, and minerals\r\n\r\nNo added sugar, preservatives, or chemicals\r\n\r\n📦 Pack Size: 4 whole pieces\r\n🌿 Shelf Life: 2–3 days (store in a cool place or refrigerate)\r\n🍴 Usage: Eat fresh, chill before serving, or add to summer drinks/desserts", "category": 2, "product_type": "fruit", "farmer": 1, "price_per_kg": "50.00", "stock_quantity": 148, "unit": "kg", "is_organic": true, "is_available": true, "image": "products/OIP.jpeg", "created_at": "2025-07-15T08:44:48.109Z", "updated_at": "2025-07-18T04:40:50.258Z"}}, {"model": "products.product", "pk": 2, "fields": {"name": "Banana", "description": "Fresh Bananas (500g / 1 Dozen)\r\n🍌 Sweet | Energy-Boosting | Naturally Ripened\r\n\r\nEnjoy the wholesome goodness of fresh, naturally ripened bananas—a daily essential packed with potassium, fiber, and natural sugars. Perfect as a snack, smoothie base, or breakfast booster, bananas are nature’s energy bar.\r\n\r\nWhy You’ll Love It:\r\n\r\nSoft, sweet, and ready to eat\r\n\r\nA great source of instant energy\r\n\r\nSupports digestion and heart health\r\n\r\nNaturally ripened without harmful chemicals\r\n\r\n📦 Pack Size: 500g / Approx. 6–7 bananas\r\n🌿 Shelf Life: 3–5 days (store at room temperature)\r\n🍴 Usage: Eat raw, blend into smoothies, bake into breads, or add to cereals", "category": 2, "product_type": "fruit", "farmer": 1, "price_per_kg": "48.00", "stock_quantity": 150, "unit": "kg", "is_organic": true, "is_available": true, "image": "products/OIP_1.jpeg", "created_at": "2025-07-16T06:13:24.580Z", "updated_at": "2025-07-18T04:42:07.111Z"}}, {"model": "products.product", "pk": 3, "fields": {"name": "corn", "description": "Fresh Corn on the Cob (Sweet Corn) – 1 Piece\r\n🌽 Juicy | Sweet | Farm Fresh\r\n\r\nEnjoy the natural sweetness and crunch of farm-fresh corn, handpicked at peak ripeness. Packed with fiber, vitamins, and a mildly sweet flavor, this corn is perfect for boiling, grilling, roasting, or adding to your favorite dishes.\r\n\r\nWhy You’ll Love It:\r\n\r\nSweet, tender kernels full of flavor\r\n\r\nGreat source of fiber and antioxidants\r\n\r\nNo chemicals or preservatives\r\n\r\nIdeal for snacks, soups, salads, and curries\r\n\r\n📦 Pack Size: 1 whole cob (approx. 250–300g)\r\n🌿 Shelf Life: 3–5 days (refrigerated)\r\n🍴 Usage: Boil, roast, grill, or scrape kernels for recipes", "category": 2, "product_type": "vegetable", "farmer": 1, "price_per_kg": "35.00", "stock_quantity": 150, "unit": "kg", "is_organic": true, "is_available": true, "image": "products/OIP_2.jpeg", "created_at": "2025-07-16T06:17:26.912Z", "updated_at": "2025-07-18T04:43:22.799Z"}}, {"model": "products.product", "pk": 4, "fields": {"name": "Celery", "description": "Fresh Celery Stalks – 250g Pack\r\n🌿 Crisp | Refreshing | Low-Calorie Superfood\r\n\r\nAdd a crunchy, hydrating boost to your meals with fresh celery, loved for its crisp texture and subtle peppery flavor. Rich in antioxidants, vitamins A, C, and K, and dietary fiber, celery is perfect for healthy snacking, juicing, soups, and salads.\r\n\r\nWhy You’ll Love It:\r\n\r\nCrisp, juicy, and freshly harvested\r\n\r\nSupports digestion and reduces inflammation\r\n\r\nNaturally low in calories and carbs\r\n\r\nIdeal for detox juices and weight-loss diets\r\n\r\n📦 Pack Size: 250g (approx. 4–6 stalks)\r\n🌿 Shelf Life: 5–7 days (store refrigerated, wrapped in a damp cloth or paper towel)\r\n🍴 Usage: Enjoy raw with dips, blend into juices, or add to stir-fries and soups", "category": 2, "product_type": "herb", "farmer": 1, "price_per_kg": "150.00", "stock_quantity": 30, "unit": "kg", "is_organic": true, "is_available": true, "image": "products/OIP_3.jpeg", "created_at": "2025-07-16T06:22:38.686Z", "updated_at": "2025-07-18T04:44:43.583Z"}}, {"model": "products.product", "pk": 5, "fields": {"name": "Baby corn", "description": "Fresh Baby Corn (250g Pack)\r\n🌽 Crisp | Tender | Naturally Grown\r\n\r\nAdd a crunchy twist to your meals with our farm-fresh baby corn. Carefully harvested at the perfect stage for tenderness, our baby corn is pesticide-free, rich in fiber, and a low-calorie addition to your healthy diet.\r\n\r\nWhy You’ll Love It:\r\n\r\nPerfectly sized, tender, and ready to cook\r\n\r\nIdeal for stir-fries, soups, salads, and snacks\r\n\r\nGrown using sustainable farming practices\r\n\r\nNo artificial preservatives or chemicals\r\n\r\n📦 Pack Size: 250g\r\n🌿 Shelf Life: 5-7 days (refrigerated)\r\n🚚 Farm to Doorstep: Delivered fresh within 24-48 hours", "category": 2, "product_type": "vegetable", "farmer": 2, "price_per_kg": "55.00", "stock_quantity": 99, "unit": "kg", "is_organic": true, "is_available": true, "image": "products/bcorn.jpg", "created_at": "2025-07-18T04:25:33.718Z", "updated_at": "2025-07-22T07:45:11.396Z"}}, {"model": "products.product", "pk": 6, "fields": {"name": "Banana Flower", "description": "Fresh Banana Flower (1 Piece)\r\n🌸 Nutritious | Versatile | Farm Fresh\r\n\r\nAdd a healthy, traditional touch to your kitchen with our farm-fresh banana flower—a rich source of fiber, iron, and antioxidants. Popular in Indian, Southeast Asian, and South Indian cuisines, it’s ideal for curries, stir-fries, and salads.\r\n\r\nWhy You’ll Love It:\r\n\r\nFreshly harvested and carefully cleaned\r\n\r\nBoosts immunity and aids digestion\r\n\r\nGreat for heart health and women's wellness\r\n\r\n100% natural, chemical-free, and locally sourced\r\n\r\n📦 Pack Size: 1 whole flower (approx. 300–400g)\r\n🌿 Storage: Keep refrigerated; use within 3–5 days\r\n🍛 Usage: Remove outer petals, chop the core, soak in lemon water before cooking", "category": 2, "product_type": "herb", "farmer": 2, "price_per_kg": "20.00", "stock_quantity": 50, "unit": "kg", "is_organic": true, "is_available": true, "image": "products/banana-tree-flower-1858892_1280.jpg", "created_at": "2025-07-18T04:28:26.663Z", "updated_at": "2025-07-18T04:39:21.599Z"}}, {"model": "products.product", "pk": 7, "fields": {"name": "Carrots", "description": "Fresh Carrots (500g Pack)\r\n🥕 Sweet | Crunchy | Nutrient-Rich\r\n\r\nEnjoy the natural sweetness and crisp texture of our farm-fresh carrots, perfect for juicing, snacking, salads, and cooking. Rich in Vitamin A, beta-carotene, and dietary fiber, carrots are a powerhouse of nutrition for all ages.\r\n\r\nWhy You’ll Love It:\r\n\r\nVibrant color and naturally sweet taste\r\n\r\nSupports eye health, immunity, and skin glow\r\n\r\nGrown without harmful pesticides or chemicals\r\n\r\nWashed, sorted, and ready to use\r\n\r\n📦 Pack Size: 500g\r\n🌿 Shelf Life: 7–10 days (refrigerated)\r\n🍴 Usage: Enjoy raw, cooked, juiced, or pickled", "category": 2, "product_type": "vegetable", "farmer": 2, "price_per_kg": "36.00", "stock_quantity": 99, "unit": "kg", "is_organic": true, "is_available": true, "image": "products/355194.jpg", "created_at": "2025-07-18T04:31:02.399Z", "updated_at": "2025-07-21T07:44:09.273Z"}}, {"model": "products.product", "pk": 8, "fields": {"name": "Tomatoes", "description": "Fresh Tomatoes (500g Pack)\r\n🍅 Juicy | Ripe | Naturally Grown\r\n\r\nBring home the rich flavor and vibrant color of our farm-fresh tomatoes—perfect for salads, cooking, sauces, and more. Packed with Vitamin C, antioxidants, and lycopene, tomatoes are a delicious and healthy staple in every kitchen.\r\n\r\nWhy You’ll Love It:\r\n\r\nJuicy, ripe, and full of flavor\r\n\r\nBoosts immunity and supports heart health\r\n\r\nPesticide-free and sustainably farmed\r\n\r\nIdeal for everyday cooking and garnishing\r\n\r\n📦 Pack Size: 500g\r\n🌿 Shelf Life: 5–7 days (store in a cool, dry place)\r\n🍴 Usage: Great for curries, chutneys, salads, and sandwiches", "category": 2, "product_type": "vegetable", "farmer": 3, "price_per_kg": "24.00", "stock_quantity": 70, "unit": "kg", "is_organic": true, "is_available": true, "image": "products/tomatoes-1296x728-feature.jpg", "created_at": "2025-07-18T04:34:45.731Z", "updated_at": "2025-07-18T05:29:29.872Z"}}, {"model": "products.product", "pk": 9, "fields": {"name": "Green Mango", "description": "Fresh Green Mango (Raw Mango) – 500g\r\n🥭 Tangy | Crisp | Naturally Grown\r\n\r\nSavor the sharp, tangy flavor of fresh green mangoes, handpicked at the right stage of rawness. A favorite in Indian kitchens, these mangoes are perfect for pickles, chutneys, salads, and refreshing summer drinks like aam panna.\r\n\r\nWhy You’ll Love It:\r\n\r\nFirm, juicy, and full of tangy flavor\r\n\r\nRich in Vitamin C and antioxidants\r\n\r\nPerfect for pickling and traditional recipes\r\n\r\nGrown naturally without harmful chemicals\r\n\r\n📦 Pack Size: 500g (2–3 medium-sized raw mangoes)\r\n🌿 Shelf Life: 5–7 days (refrigerated)\r\n🍴 Usage: Ideal for pickles, curries, salads, and beverages", "category": 2, "product_type": "vegetable", "farmer": 2, "price_per_kg": "23.00", "stock_quantity": 150, "unit": "kg", "is_organic": true, "is_available": true, "image": "products/fresh-green-mango-1594203924-5513204.jpeg", "created_at": "2025-07-18T04:38:29.377Z", "updated_at": "2025-07-18T04:38:29.377Z"}}, {"model": "products.product", "pk": 10, "fields": {"name": "Curry Leaf", "description": "Fresh Curry Leaves – 50g Pack\r\n🌿 Aromatic | Flavorful | Nutrient-Rich\r\n\r\nBring authentic flavor and aroma to your dishes with fresh curry leaves, a staple in Indian cooking. Packed with antioxidants, iron, and vitamins A, B, C, and E, these leaves not only enhance taste but also offer numerous health benefits.\r\n\r\nWhy You’ll Love It:\r\n\r\nStrong aroma and rich flavor\r\n\r\nBoosts digestion and supports hair & skin health\r\n\r\n100% natural, pesticide-free, and handpicked\r\n\r\nEssential for tadkas, curries, chutneys, and rasam\r\n\r\n📦 Pack Size: 50g (approx. 4–6 sprigs)\r\n🌿 Shelf Life: 7–10 days (store refrigerated in an airtight container or zip pouch)\r\n🍴 Usage: Use fresh or dry roast for longer storage; add to oil for flavor infusion", "category": 2, "product_type": "herb", "farmer": 3, "price_per_kg": "28.00", "stock_quantity": 196, "unit": "kg", "is_organic": true, "is_available": true, "image": "products/Curry_leaves_898.jpg", "created_at": "2025-07-18T04:46:38.733Z", "updated_at": "2025-07-22T09:16:51.366Z"}}, {"model": "products.product", "pk": 11, "fields": {"name": "Mint Leaves", "description": "Fresh Mint Leaves – 50g Pack\r\n🌱 Cool | Refreshing | Naturally Grown\r\n\r\nAdd a burst of freshness to your food and drinks with farm-fresh mint leaves. Known for their cooling flavor and digestive benefits, mint is a must-have herb for chutneys, teas, salads, mocktails, and garnishing.\r\n\r\nWhy You’ll Love It:\r\n\r\nCrisp, aromatic, and naturally grown\r\n\r\nAids digestion and freshens breath\r\n\r\nPesticide-free and hand-harvested\r\n\r\nVersatile – from kitchen to herbal remedies\r\n\r\n📦 Pack Size: 50g (approx. 4–6 sprigs)\r\n🌿 Shelf Life: 5–7 days (store refrigerated in a damp paper towel or airtight container)\r\n🍴 Usage: Use fresh in chutneys, teas, lemonades, raitas, or desserts", "category": 2, "product_type": "herb", "farmer": 2, "price_per_kg": "6.00", "stock_quantity": 50, "unit": "kg", "is_organic": true, "is_available": true, "image": "products/OIP_4.jpeg", "created_at": "2025-07-18T04:48:43.034Z", "updated_at": "2025-07-18T04:48:43.034Z"}}, {"model": "products.product", "pk": 12, "fields": {"name": "Spinach", "description": "resh Spinach Leaves – 250g Pack\r\n🥬 Green | Nutritious | Farm Fresh\r\n\r\nPower up your meals with fresh, tender spinach leaves, packed with iron, calcium, fiber, and essential vitamins A, C, and K. Whether used in smoothies, curries, salads, or soups, spinach is a versatile leafy green that supports overall wellness.\r\n\r\nWhy You’ll Love It:\r\n\r\nClean, crisp, and pesticide-free\r\n\r\nBoosts immunity, energy, and bone health\r\n\r\nPerfect for daily cooking and juicing\r\n\r\nRich in antioxidants and low in calories\r\n\r\n📦 Pack Size: 250g\r\n🌿 Shelf Life: 3–5 days (store refrigerated in a breathable bag or container)\r\n🍴 Usage: Use in palak paneer, smoothies, sautéed dishes, soups, or as salad greens", "category": 2, "product_type": "herb", "farmer": 3, "price_per_kg": "13.00", "stock_quantity": 69, "unit": "kg", "is_organic": true, "is_available": true, "image": "products/spinach-1523dca.jpg", "created_at": "2025-07-18T04:51:15.618Z", "updated_at": "2025-07-21T06:04:12.639Z"}}, {"model": "products.product", "pk": 13, "fields": {"name": "Watermelon", "description": "Fresh Watermelon – 1 Whole (Approx. 2.5–3.5 kg)\r\n🍉 Juicy | Sweet | Hydrating\r\n\r\nQuench your thirst with nature’s perfect summer fruit – the fresh watermelon. Bursting with natural sweetness, it's loaded with vitamin C, antioxidants, and over 90% water to keep you refreshed and energized.\r\n\r\nWhy You’ll Love It:\r\n\r\nSuper juicy, sweet, and farm-fresh\r\n\r\nRich in hydration, perfect for hot days\r\n\r\nSupports digestion, skin health, and immunity\r\n\r\nNo added sugars, preservatives, or chemicals\r\n\r\n📦 Pack Size: 1 Whole Watermelon (approx. 2.5–3.5 kg)\r\n🌿 Shelf Life: 7–10 days uncut (store in a cool, dry place); 2–3 days once cut (refrigerated)\r\n🍴 Usage: Enjoy sliced, cubed, juiced, or in fruit salads", "category": 2, "product_type": "fruit", "farmer": 4, "price_per_kg": "19.00", "stock_quantity": 200, "unit": "kg", "is_organic": true, "is_available": true, "image": "products/watermealon.jpg", "created_at": "2025-07-18T04:53:38.253Z", "updated_at": "2025-07-18T04:53:38.253Z"}}, {"model": "products.product", "pk": 14, "fields": {"name": "Oranges", "description": "Fresh Oranges – 1kg Pack\r\n🍊 Juicy | Zesty | Vitamin C-Rich\r\n\r\nBrighten your day with fresh, juicy oranges, handpicked for their perfect balance of sweetness and tang. Packed with Vitamin C, fiber, and natural antioxidants, oranges are ideal for boosting immunity and staying hydrated.\r\n\r\nWhy You’ll Love It:\r\n\r\nNaturally sweet, citrusy, and refreshing\r\n\r\nSupports immune health and skin glow\r\n\r\nPerfect for eating, juicing, or garnishing\r\n\r\nGrown without harmful chemicals\r\n\r\n📦 Pack Size: 1kg (Approx. 6–8 medium-sized oranges)\r\n🌿 Shelf Life: 7–10 days (store in a cool, dry place or refrigerate for longer freshness)\r\n🍴 Usage: Enjoy fresh, squeeze into juice, or add to salads and desserts", "category": 2, "product_type": "fruit", "farmer": 2, "price_per_kg": "53.00", "stock_quantity": 100, "unit": "kg", "is_organic": true, "is_available": true, "image": "products/407969.jpg", "created_at": "2025-07-18T04:58:15.988Z", "updated_at": "2025-07-18T04:58:15.988Z"}}, {"model": "products.marketprice", "pk": 1, "fields": {"product": 4, "price": "184.51", "source": "Kolkata New Market", "date": "2025-07-17", "created_at": "2025-07-17T05:50:02.040Z"}}, {"model": "products.marketprice", "pk": 2, "fields": {"product": 3, "price": "40.06", "source": "Ahmedabad APMC", "date": "2025-07-17", "created_at": "2025-07-17T05:50:02.184Z"}}, {"model": "products.marketprice", "pk": 3, "fields": {"product": 2, "price": "74.01", "source": "Pune Market Yard", "date": "2025-07-17", "created_at": "2025-07-17T05:50:02.288Z"}}, {"model": "products.marketprice", "pk": 4, "fields": {"product": 1, "price": "190.72", "source": "Ahmedabad APMC", "date": "2025-07-17", "created_at": "2025-07-17T05:50:02.396Z"}}, {"model": "products.marketprice", "pk": 5, "fields": {"product": 8, "price": "22.84", "source": "Mumbai APMC", "date": "2025-07-18", "created_at": "2025-07-18T05:36:54.183Z"}}, {"model": "products.marketprice", "pk": 6, "fields": {"product": 9, "price": "28.02", "source": "Pune Market Yard", "date": "2025-07-18", "created_at": "2025-07-18T05:36:54.194Z"}}, {"model": "products.marketprice", "pk": 7, "fields": {"product": 6, "price": "22.75", "source": "Kolkata New Market", "date": "2025-07-18", "created_at": "2025-07-18T05:36:54.194Z"}}, {"model": "products.marketprice", "pk": 8, "fields": {"product": 5, "price": "66.27", "source": "Delhi Azadpur", "date": "2025-07-18", "created_at": "2025-07-18T05:36:54.194Z"}}, {"model": "products.marketprice", "pk": 9, "fields": {"product": 7, "price": "52.08", "source": "Mumbai APMC", "date": "2025-07-18", "created_at": "2025-07-18T05:36:54.202Z"}}, {"model": "products.marketprice", "pk": 10, "fields": {"product": 10, "price": "35.64", "source": "Mumbai APMC", "date": "2025-07-18", "created_at": "2025-07-18T05:36:54.203Z"}}, {"model": "products.marketprice", "pk": 11, "fields": {"product": 11, "price": "7.44", "source": "Delhi Azadpur", "date": "2025-07-18", "created_at": "2025-07-18T05:36:54.207Z"}}, {"model": "products.marketprice", "pk": 12, "fields": {"product": 12, "price": "17.42", "source": "Kolkata New Market", "date": "2025-07-18", "created_at": "2025-07-18T05:36:54.207Z"}}, {"model": "products.marketprice", "pk": 13, "fields": {"product": 13, "price": "21.26", "source": "Bangalore KR Market", "date": "2025-07-18", "created_at": "2025-07-18T05:36:54.210Z"}}, {"model": "products.marketprice", "pk": 14, "fields": {"product": 14, "price": "49.94", "source": "Kolkata New Market", "date": "2025-07-18", "created_at": "2025-07-18T05:36:54.210Z"}}, {"model": "orders.cart", "pk": 1, "fields": {"customer": 1, "created_at": "2025-07-15T05:31:46.200Z", "updated_at": "2025-07-15T05:31:46.200Z"}}, {"model": "orders.order", "pk": 1, "fields": {"customer": 1, "order_number": "FB20250715141854", "status": "delivered", "total_amount": "100.00", "delivery_address": "Lovely Professional University Grand Trunk Road", "delivery_instructions": "", "payment_status": "paid", "payment_method": "upi", "created_at": "2025-07-15T08:48:54.441Z", "updated_at": "2025-07-18T05:04:20.487Z", "delivered_at": null}}, {"model": "orders.order", "pk": 2, "fields": {"customer": 1, "order_number": "FB20250717151817", "status": "delivered", "total_amount": "540.00", "delivery_address": "Lovely Professional University Grand Trunk Road", "delivery_instructions": "ntg", "payment_status": "paid", "payment_method": "upi", "created_at": "2025-07-17T09:48:17.218Z", "updated_at": "2025-07-18T05:04:13.403Z", "delivered_at": null}}, {"model": "orders.order", "pk": 3, "fields": {"customer": 1, "order_number": "FB20250717152514", "status": "delivered", "total_amount": "60.00", "delivery_address": "Lovely Professional University Grand Trunk Road", "delivery_instructions": "", "payment_status": "paid", "payment_method": "cod", "created_at": "2025-07-17T09:55:14.965Z", "updated_at": "2025-07-18T05:04:07.620Z", "delivered_at": null}}, {"model": "orders.order", "pk": 4, "fields": {"customer": 1, "order_number": "FB20250717153524", "status": "shipped", "total_amount": "150.00", "delivery_address": "Lovely Professional University Grand Trunk Road", "delivery_instructions": "", "payment_status": "paid", "payment_method": "cod", "created_at": "2025-07-17T10:05:24.134Z", "updated_at": "2025-07-18T04:07:15.159Z", "delivered_at": null}}, {"model": "orders.order", "pk": 5, "fields": {"customer": 1, "order_number": "FB20250717153608", "status": "delivered", "total_amount": "60.00", "delivery_address": "Lovely Professional University Grand Trunk Road", "delivery_instructions": "", "payment_status": "paid", "payment_method": "upi", "created_at": "2025-07-17T10:06:08.467Z", "updated_at": "2025-07-22T08:39:24.445Z", "delivered_at": null}}, {"model": "orders.order", "pk": 6, "fields": {"customer": 1, "order_number": "FB20250718093820", "status": "delivered", "total_amount": "100.00", "delivery_address": "Lovely Professional University Grand Trunk Road", "delivery_instructions": "", "payment_status": "paid", "payment_method": "upi", "created_at": "2025-07-18T04:08:20.943Z", "updated_at": "2025-07-22T08:39:24.457Z", "delivered_at": null}}, {"model": "orders.order", "pk": 7, "fields": {"customer": 1, "order_number": "FB20250721113412", "status": "shipped", "total_amount": "13.00", "delivery_address": "Lovely Professional University Grand Trunk Road", "delivery_instructions": "", "payment_status": "paid", "payment_method": "cod", "created_at": "2025-07-21T06:04:12.606Z", "updated_at": "2025-07-21T06:04:20.519Z", "delivered_at": null}}, {"model": "orders.order", "pk": 8, "fields": {"customer": 1, "order_number": "FB20250721131409", "status": "processing", "total_amount": "36.00", "delivery_address": "Lovely Professional University Grand Trunk Road", "delivery_instructions": "", "payment_status": "paid", "payment_method": "upi", "created_at": "2025-07-21T07:44:09.266Z", "updated_at": "2025-07-21T08:42:57.250Z", "delivered_at": null}}, {"model": "orders.order", "pk": 9, "fields": {"customer": 1, "order_number": "FB20250722131511", "status": "confirmed", "total_amount": "55.00", "delivery_address": "Lovely Professional University Grand Trunk Road", "delivery_instructions": "", "payment_status": "paid", "payment_method": "cod", "created_at": "2025-07-22T07:45:11.366Z", "updated_at": "2025-07-22T08:55:34.396Z", "delivered_at": null}}, {"model": "orders.order", "pk": 10, "fields": {"customer": 1, "order_number": "", "status": "cancelled", "total_amount": "28.00", "delivery_address": "Lovely Professional University Grand Trunk Road", "delivery_instructions": "", "payment_status": "paid", "payment_method": "card", "created_at": "2025-07-22T08:58:37.746Z", "updated_at": "2025-07-22T09:00:19.053Z", "delivered_at": null}}, {"model": "orders.order", "pk": 14, "fields": {"customer": 1, "order_number": "FB20250722143849", "status": "confirmed", "total_amount": "28.00", "delivery_address": "Lovely Professional University Grand Trunk Road", "delivery_instructions": "", "payment_status": "paid", "payment_method": "card", "created_at": "2025-07-22T09:08:49.131Z", "updated_at": "2025-07-22T09:08:51.264Z", "delivered_at": null}}, {"model": "orders.order", "pk": 15, "fields": {"customer": 1, "order_number": "FB20250722143922", "status": "confirmed", "total_amount": "28.00", "delivery_address": "Lovely Professional University Grand Trunk Road", "delivery_instructions": "", "payment_status": "paid", "payment_method": "cod", "created_at": "2025-07-22T09:09:22.694Z", "updated_at": "2025-07-22T09:09:26.322Z", "delivered_at": null}}, {"model": "orders.order", "pk": 16, "fields": {"customer": 1, "order_number": "FB20250722144651", "status": "pending", "total_amount": "56.00", "delivery_address": "Lovely Professional University Grand Trunk Road", "delivery_instructions": "", "payment_status": "pending", "payment_method": null, "created_at": "2025-07-22T09:16:51.352Z", "updated_at": "2025-07-22T09:16:51.352Z", "delivered_at": null}}, {"model": "orders.orderitem", "pk": 1, "fields": {"order": 1, "product": 1, "quantity": 1, "price_per_unit": "100.00", "total_price": "100.00"}}, {"model": "orders.orderitem", "pk": 2, "fields": {"order": 2, "product": 1, "quantity": 1, "price_per_unit": "100.00", "total_price": "100.00"}}, {"model": "orders.orderitem", "pk": 3, "fields": {"order": 2, "product": 2, "quantity": 2, "price_per_unit": "160.00", "total_price": "320.00"}}, {"model": "orders.orderitem", "pk": 4, "fields": {"order": 2, "product": 3, "quantity": 2, "price_per_unit": "60.00", "total_price": "120.00"}}, {"model": "orders.orderitem", "pk": 5, "fields": {"order": 3, "product": 3, "quantity": 1, "price_per_unit": "60.00", "total_price": "60.00"}}, {"model": "orders.orderitem", "pk": 6, "fields": {"order": 4, "product": 4, "quantity": 1, "price_per_unit": "150.00", "total_price": "150.00"}}, {"model": "orders.orderitem", "pk": 7, "fields": {"order": 5, "product": 3, "quantity": 1, "price_per_unit": "60.00", "total_price": "60.00"}}, {"model": "orders.orderitem", "pk": 8, "fields": {"order": 6, "product": 1, "quantity": 1, "price_per_unit": "100.00", "total_price": "100.00"}}, {"model": "orders.orderitem", "pk": 9, "fields": {"order": 7, "product": 12, "quantity": 1, "price_per_unit": "13.00", "total_price": "13.00"}}, {"model": "orders.orderitem", "pk": 10, "fields": {"order": 8, "product": 7, "quantity": 1, "price_per_unit": "36.00", "total_price": "36.00"}}, {"model": "orders.orderitem", "pk": 11, "fields": {"order": 9, "product": 5, "quantity": 1, "price_per_unit": "55.00", "total_price": "55.00"}}, {"model": "orders.orderitem", "pk": 12, "fields": {"order": 10, "product": 10, "quantity": 1, "price_per_unit": "28.00", "total_price": "28.00"}}, {"model": "orders.orderitem", "pk": 13, "fields": {"order": 14, "product": 10, "quantity": 1, "price_per_unit": "28.00", "total_price": "28.00"}}, {"model": "orders.orderitem", "pk": 14, "fields": {"order": 15, "product": 10, "quantity": 1, "price_per_unit": "28.00", "total_price": "28.00"}}, {"model": "orders.orderitem", "pk": 15, "fields": {"order": 16, "product": 10, "quantity": 2, "price_per_unit": "28.00", "total_price": "56.00"}}]